listing_type,title,monthly_rent,bedrooms,bathrooms,floor_size_m2,address,suburb,area,listing_url,agent_name,agent_contact,description,listed_date,image_url
rental,3 Bedroom Apartment,9750,3,1,76 m²,3 Keerweder Road,Klein Drakenstein,Paarl,https://www.property24.com/to-rent/klein-drakenstein/paarl/western-cape/8591/113517583,,,This modern 3-bedroom apartment is available to let in the lovely Amberg Estate. This ...,,https://images.prop24.com/318923986/Crop600x400
rental,1 Bedroom Apartment,12000,1,1,42 m²,Paarl South,Paarl South,Paarl,https://www.property24.com/to-rent/paarl-south/paarl/western-cape/8623/116564912,,,"Exclusive Mandate. Available from 1 May 2026

Positioned on the second floor and offering more space than the typical studios in the ...",,https://images.prop24.com/367447112/Crop600x400
rental,1 Bedroom House,14500,1,1,50 m²,1 Bosman Street,Paarl South,Paarl,https://www.property24.com/to-rent/paarl-south/paarl/western-cape/8623/115687658,,,"Premium Cottage for Rent  in Southern Paarl

This beautifully renovated 1-bedroom ...",,
rental,3 Bedroom Apartment,7000,3,1,85 m²,8 Derksen,Esterville,Paarl,https://www.property24.com/to-rent/esterville/paarl/western-cape/16386/116976607,,,"Student Flat Share – Prime Location | 400m from Academia | Fibre Included

Spacious ...",,
rental,2 Bedroom Apartment,9700,2,2,61 m²,Paarl Central,Paarl Central,Paarl,https://www.property24.com/to-rent/paarl-central/paarl/western-cape/8631/116670277,,,"Spacious 2-Bedroom Apartment with Stunning Paarl Views

This modern, freshly painted 2-bedroom, 2-bathroom apartment offers comfortable ...",,https://images.prop24.com/233852929/Ensure264x153
rental,2 Bedroom Apartment,14000,2,1,61 m²,2 Tabak St,Paarl South,Paarl,https://www.property24.com/to-rent/paarl-south/paarl/western-cape/8623/116050219,,,"Modern luxurious, Brand New North Facing 2-Bedroom Apartment in 2onTabak, Paarl ...",,
rental,2 Bedroom Apartment,9850,2,1,52 m²,Paarl South,Paarl South,Paarl,https://www.property24.com/to-rent/paarl-south/paarl/western-cape/8623/117053432,,,"Ground Floor Apartment.
Kitchen with build-in cupboards, space for washing machine and dish washer.
Open plan living room with sliding ...",,https://images.prop24.com/310646377/Ensure264x153
rental,2 Bedroom Apartment,10500,2,1,90 m²,De Zoete Inval,De Zoete Inval,Paarl,https://www.property24.com/to-rent/de-zoete-inval/paarl/western-cape/8596/117066163,,,"Oude Chardonnay Estate offers 24-hour manned security, mountain views and a beautiful park with a dam.
Open-plan kitchen with built-in ...",,https://images.prop24.com/310646377/Ensure264x153
rental,1 Bedroom Apartment,7800,1,1,,41 New Eskdale Street,De Zoete Inval,Paarl,https://www.property24.com/to-rent/de-zoete-inval/paarl/western-cape/8596/116999729,,,"Cozy 1-bedroom flat available, ideal for a single professional. The unit offers an ...",,https://images.prop24.com/362886630/Ensure264x153
rental,2 Bedroom Townhouse,17950,2,2,,Honeydew Country Estate,Honeydew Country Estate,Paarl,https://www.property24.com/to-rent/honeydew-country-estate/paarl/western-cape/33199/117061094,,,"Enjoy easy, modern living in this 2 bedroom townhouse in the secure Oak Lodges at Honeydew Country Estate. The home has a full family ...",,https://images.prop24.com/374278877/Ensure264x153
rental,1 Bedroom Apartment,7300,1,1,,Paarl East,Paarl East,Paarl,https://www.property24.com/to-rent/paarl-east/paarl/western-cape/16876/116649467,,,Enjoy modern comfort secure living in this one bedroom apartment. Ideal for a single professional or couple looking for a convenient ...,,https://images.prop24.com/373255215/Ensure264x153
rental,2 Bedroom Apartment,13500,2,2,,Paarl Central,Paarl Central,Paarl,https://www.property24.com/to-rent/paarl-central/paarl/western-cape/8631/117040265,,,"Welcome to Kings Place, a charming and well-located apartment offering comfortable and convenient living. This lovely two-bedroom flat ...",,https://images.prop24.com/72874115/Ensure264x153
rental,1 Bedroom Apartment,9500,1,1,,Paarl North,Paarl North,Paarl,https://www.property24.com/to-rent/paarl-north/paarl/western-cape/8612/113587814,,,"This darling furnished 1 bedroom apartment is ideal for a single working professional. 
The apartment comes with everything except for ...",,https://images.prop24.com/252580558/Ensure264x153
rental,2 Bedroom Apartment,7500,2,1,635 m²,Meerhof,Charleston Hill,Paarl,https://www.property24.com/to-rent/charleston-hill/paarl/western-cape/8593/116933673,,,Discover the epitome of comfortable living in this delightful single storey garden flat ...,,https://images.prop24.com/310646377/Ensure264x153
rental,2 Bedroom House,10200,2,1,68 m²,Klein Drakenstein,Klein Drakenstein,Paarl,https://www.property24.com/to-rent/klein-drakenstein/paarl/western-cape/8591/116917699,,,"Dreaming of living in peaceful surroundings with mountains and wildlife? This is the place for you.
Located on Worcester side of the ...",,https://images.prop24.com/310646377/Ensure264x153
rental,1 Bedroom Apartment,18000,1,1,44 m²,Val de Vie Estate,Val de Vie Estate,Paarl,https://www.property24.com/to-rent/val-de-vie-estate/paarl/western-cape/11726/117019718,,,"For individuals aged 65 years and older.

This unfurnished one-bedroom suite offers comfort and sophistication. The bedroom features ...",,https://images.prop24.com/375682672/Crop600x400
rental,2 Bedroom House,19750,2,2,,1 Kort Street,Lemoenkloof,Paarl,https://www.property24.com/to-rent/lemoenkloof/paarl/western-cape/8607/110623028,,,This neat 2 bedroom semi-detached house is located in a prime position within walking ...,,https://images.prop24.com/374054100/Crop600x400
rental,1 Bedroom Apartment,15000,1,1,65 m²,Sante Winelands Estate,Sante Winelands Estate,Paarl,https://www.property24.com/to-rent/sante-winelands-estate/paarl/western-cape/10771/110226732,,,"Situated in a secure lifestyle estate with 24hour access control, on Simonsvlei Road, just outside Paarl and a mere stone’s throw away ...",,https://images.prop24.com/291972324/Crop600x400
rental,2 Bedroom House,18000,2,2,,"Farm 649 Keerweder Road, Paarl",Klein Drakenstein,Paarl,https://www.property24.com/to-rent/klein-drakenstein/paarl/western-cape/8591/115495228,,,"Escape to tranquility in this beautifully converted 2-bedroom, 2-bathroom rustic shed ...",,
rental,1 Bedroom Apartment,11000,1,1,61 m²,274 Main Street,Buitenverwagting,Paarl,https://www.property24.com/to-rent/buitenverwagting/paarl/western-cape/16388/116862762,,,The apartment offers a spacious bedroom and an enclosed balcony that can be used as a ...,,https://images.prop24.com/341773167/Ensure264x153
rental,1 Bedroom Apartment,8500,1,1,,Klein Drakenstein,Klein Drakenstein,Paarl,https://www.property24.com/to-rent/klein-drakenstein/paarl/western-cape/8591/112594683,,,Stay in a furnished charming studio (Cottage 5M) on an olive and horse stud farm in the heart of Paarl. Surrounded by  picturesque ...,,
rental,1 Bedroom Apartment,7800,1,1,24 m²,Lemoenkloof,Lemoenkloof,Paarl,https://www.property24.com/to-rent/lemoenkloof/paarl/western-cape/8607/116904538,,,"Fully Furnished.
24-Hour manned security. 
Kitchen with breakfast nook, undercounter oven, hob, extractor fan, fridge/freezer ...",,https://images.prop24.com/310646377/Ensure264x153
rental,1 Bedroom Apartment,15000,1,1,65 m²,Sante Winelands Estate,Sante Winelands Estate,Paarl,https://www.property24.com/to-rent/sante-winelands-estate/paarl/western-cape/10771/117006326,,,"Situated in a secure lifestyle estate with 24hour access control, on Simonsvlei Road, just outside Paarl and a mere stone’s throw away ...",,https://images.prop24.com/242461081/Ensure264x153
rental,1 Bedroom House,7500,1,1,,Vrykyk,Vrykyk,Paarl,https://www.property24.com/to-rent/vrykyk/paarl/western-cape/8621/117021190,,,This  garden cottage offers comfortable living in a peaceful and private setting. The home features 1  bedroom  and a open-plan living ...,,https://images.prop24.com/218124093/Ensure264x153
rental,3 Bedroom Townhouse,19000,3,2,,Buitenverwagting,Buitenverwagting,Paarl,https://www.property24.com/to-rent/buitenverwagting/paarl/western-cape/16388/112225698,,,"This duplex townhouse boasts 3 large bedrooms (2 aircons), a single garage with an extra gated parking for 1 vehicle, 2 bathrooms, 1 ...",,https://images.prop24.com/252580558/Ensure264x153
rental,2 Bedroom House,9630,2,2,,Langvlei,Langvlei,Paarl,https://www.property24.com/to-rent/langvlei/paarl/western-cape/16717/116900989,,,"This property is situated in a well established neighbourhood.

This property is 2 bedroom ""Granny Flat"" with 2 bathrooms.
A ...",,https://images.prop24.com/310646377/Ensure264x153
rental,1 Bedroom Apartment,16500,1,1,150 m²,Klein Nederburg,Klein Nederburg,Paarl,https://www.property24.com/to-rent/klein-nederburg/paarl/western-cape/8604/116821900,,,"Peaceful Unfurnished 1-Bedroom Cottage – Rural Paarl
This well-maintained 1-bedroom cottage offers privacy and scenic surroundings in ...",,https://images.prop24.com/233852929/Ensure264x153
rental,1 Bedroom House,6000,1,1,,Charleston Hill,Charleston Hill,Paarl,https://www.property24.com/to-rent/charleston-hill/paarl/western-cape/8593/117041160,,,"Unfurnished Batchelor room with ensuite available to a single Professional or a student.

This large room is fitted with a kitchen ...",,https://images.prop24.com/332829239/Ensure264x153
rental,3 Bedroom Apartment,20000,3,2,,"117 Bergenzicht Country Estate, 1 Carolina Road",Bergenzicht Estate,Paarl,https://www.property24.com/to-rent/bergenzicht-estate/paarl/western-cape/17466/116787525,,,"Home is where your family feels complete, where love grows, and this pet-friendly 3 ...",,https://images.prop24.com/260442956/Ensure264x153
rental,2 Bedroom Townhouse,18500,2,2,114 m²,"16 Oude Chardonay, 4 Fratter",De Zoete Inval,Paarl,https://www.property24.com/to-rent/de-zoete-inval/paarl/western-cape/8596/113587645,,,"Are you looking for the perfect place to call home in Paarl, Western Cape? Look no ...",,https://images.prop24.com/218624858/Ensure264x153
rental,3 Bedroom Townhouse,17000,3,2,81 m²,16 Frater Street Oude Chardonnay,Paarl South,Paarl,https://www.property24.com/to-rent/paarl-south/paarl/western-cape/8623/116771976,,,Discover your new home in this charming 3-bedroom duplex-townhouse located in the ...,,
rental,2 Bedroom Apartment,13000,2,1,,4 Thom Street,Paarl Central,Paarl,https://www.property24.com/to-rent/paarl-central/paarl/western-cape/8631/116932163,,,Situate in beautiful ALREMAHOF this ground floor apartment offers 2 large bedrooms with ...,,
rental,3 Bedroom Apartment,20000,3,2,,"117 Bergenzicht Country Estate, 1 Carolina Road",Bergenzicht Estate,Paarl,https://www.property24.com/to-rent/bergenzicht-estate/paarl/western-cape/17466/116495829,,,"Home is where your family feels complete, where love grows, and this pet-friendly 3 ...",,https://images.prop24.com/260442956/Ensure264x153
rental,3 Bedroom Apartment,10500,3,1,,"241 Amberg Estate, 1 Keerweder Street",Klein Drakenstein,Paarl,https://www.property24.com/to-rent/klein-drakenstein/paarl/western-cape/8591/116071260,,,"If calm mornings, mountain air, and secure living sound like your kind of lifestyle ...",,https://images.prop24.com/260442956/Ensure264x153
rental,1 Bedroom Apartment,16000,1,1,105 m²,Klein Nederburg,Klein Nederburg,Paarl,https://www.property24.com/to-rent/klein-nederburg/paarl/western-cape/8604/116840294,,,"Neat furnished one-bedroom cottage set in a quiet rural area of Paarl, offering peaceful living and scenic surroundings with convenient ...",,https://images.prop24.com/233852929/Ensure264x153
rental,1 Bedroom Apartment,16000,1,1,160 m²,Klein Nederburg,Klein Nederburg,Paarl,https://www.property24.com/to-rent/klein-nederburg/paarl/western-cape/8604/112699393,,,"Escape to the countryside in this beautiful fully furnished 1-bedroom cottage, perfectly positioned on the R101 in rural Paarl. ...",,https://images.prop24.com/354774898/Crop600x400
rental,1 Bedroom Apartment,18000,1,1,150 m²,Klein Nederburg,Klein Nederburg,Paarl,https://www.property24.com/to-rent/klein-nederburg/paarl/western-cape/8604/116861348,,,"Exclusive Fully Furnished 1-Bedroom Cottage – Rural Paarl

Nestled along the R101, this elegant fully furnished one-bedroom cottage ...",,https://images.prop24.com/372808360/Crop600x400
rental,2 Bedroom Apartment,8500,2,1,,"28 Amberg Estate, 1 Keerweder Road",Klein Drakenstein,Paarl,https://www.property24.com/to-rent/klein-drakenstein/paarl/western-cape/8591/116189196,,,"Welcome to Amberg!

This ground floor apartment is in a secure complex and features the ...",,https://images.prop24.com/375111008/Crop600x400
rental,1 Bedroom Apartment,7540,1,1,560 m²,Paarl Central,Paarl Central,Paarl,https://www.property24.com/to-rent/paarl-central/paarl/western-cape/8631/116813599,,,"The property is located close to Rembrandt Mall, Paarl Provincial Hospital, Boland College and Akademia Paarl campus.
The ...",,https://images.prop24.com/310646377/Ensure264x153
rental,1 Bedroom Apartment,18000,1,1,150 m²,Klein Nederburg,Klein Nederburg,Paarl,https://www.property24.com/to-rent/klein-nederburg/paarl/western-cape/8604/116821974,,,"Exclusive Fully Furnished 1-Bedroom Cottage – Rural Paarl
Nestled along the R101, this elegant fully furnished 1-bedroom cottage offers ...",,https://images.prop24.com/233852929/Ensure264x153
rental,1 Bedroom Apartment,13500,1,1,85 m²,Klein Nederburg,Klein Nederburg,Paarl,https://www.property24.com/to-rent/klein-nederburg/paarl/western-cape/8604/116861885,,,"Peaceful Fully furnished 1-Bedroom Cottage – Rural Paarl
This well-furnished 1-bedroom cottage offers privacy and scenic surroundings ...",,https://images.prop24.com/233852929/Ensure264x153
rental,2 Bedroom Apartment,8150,2,1,,66 Lady Grey Street,Paarl Central,Paarl,https://www.property24.com/to-rent/paarl-central/paarl/western-cape/8631/116964347,,,This apartment in on top of Kekkel & Kraai in Paarl CBD.  2 bedrooms (1 x bic) ...,,
rental,2 Bedroom Apartment,10500,2,1,80 m²,Dalsig,Dalsig,Malmesbury,https://www.property24.com/to-rent/dalsig/malmesbury/western-cape/7897/109787195,,,"Immaculate 2 bedroom Apartment to Rent , 1 full bathroom apartment to rent in the beautiful Zwartland Hof. 
Open plan Living area & ...",,https://images.prop24.com/370811124/Crop600x400
rental,3 Bedroom Townhouse,20000,3,2,405.06 m²,76 Simmentaler St,Tafelzicht,Malmesbury,https://www.property24.com/to-rent/tafelzicht/malmesbury/western-cape/7901/116960694,,,Modern 3-Bedroom Townhouse with Spacious Yard & Excellent Entertainment ...,,https://images.prop24.com/375710010/Crop600x400
rental,3 Bedroom House,18400,3,2,349 m²,Glen Lilly,Glen Lilly,Malmesbury,https://www.property24.com/to-rent/glen-lilly/malmesbury/western-cape/12931/116280643,,,"Beautiful 3 Bedroom home To Let in secure complex

This house offers an open plan kitchen & living area with a separate braai room ...",,https://images.prop24.com/357816990/Crop600x400
rental,3 Bedroom House,17500,3,2,625 m²,Malmesbury Rural,Malmesbury Rural,Malmesbury,https://www.property24.com/to-rent/malmesbury-rural/malmesbury/western-cape/16580/117048114,,,"Welcome to your new haven! Nestled in a safe and rapidly developing town, this comfy family home offers the perfect blend of modern ...",,https://images.prop24.com/99763380/Ensure264x153
rental,2 Bedroom House,9000,2,1,,23a Duthie Street,Bergzicht,Malmesbury,https://www.property24.com/to-rent/bergzicht/malmesbury/western-cape/7896/116159622,,,This two-bedroom semi-detached house is available for rent in the Bergzicht area. The ...,,https://images.prop24.com/362902721/Ensure264x153
rental,3 Bedroom House,18400,3,2,349 m²,Glen Lilly,Glen Lilly,Malmesbury,https://www.property24.com/to-rent/glen-lilly/malmesbury/western-cape/12931/116821285,,,"Beautiful 3 Bedroom home To Let in secure complex

This house offers an open plan kitchen & living area with a separate braai room ...",,https://images.prop24.com/357816990/Crop600x400
rental,2 Bedroom Apartment,12000,2,2,84 m²,"42 Ss Zwartland Hof, 4923 Prospect",Dalsig,Malmesbury,https://www.property24.com/to-rent/dalsig/malmesbury/western-cape/7897/112817601,,,"If you're looking for a furnished and secure apartment, this is the ideal property ...",,https://images.prop24.com/242461081/Ensure264x153
rental,1 Bedroom Apartment,6500,1,1,65 m²,Malmesbury Rural,Malmesbury Rural,Malmesbury,https://www.property24.com/to-rent/malmesbury-rural/malmesbury/western-cape/16580/117055258,,,"Available from 01/04/2026
Discover the perfect blend of comfort and convenience with this exquisite bachelor flatlet, ideally suited ...",,https://images.prop24.com/99763380/Ensure264x153
rental,2 Bedroom House,11800,2,2,966 m²,De Molen,De Molen,Malmesbury,https://www.property24.com/to-rent/de-molen/malmesbury/western-cape/7898/109916927,,,"Cosy & Comfortable 2 bedroom house to rent. 
Open plan kitchen / living area. 
The main bedroom with his own En-suite Bathroom. ...",,https://images.prop24.com/242461081/Ensure264x153
rental,2 Bedroom Apartment,12000,2,1,85 m²,"91 Ss Zwartland Hof, Null/16 Prospect",Dalsig,Malmesbury,https://www.property24.com/to-rent/dalsig/malmesbury/western-cape/7897/115768649,,,"Looking for something modern and different, here is your change to Rent this beautiful ...",,https://images.prop24.com/242461081/Ensure264x153
rental,2 Bedroom Apartment,12000,2,1,,Dalsig,Dalsig,Malmesbury,https://www.property24.com/to-rent/dalsig/malmesbury/western-cape/7897/115838307,,,"Stylish ground-floor unit – everything brand new!
Features:
•        2 bedrooms with laminate floors and built-in cupboards
•        ...",,https://images.prop24.com/190959453/Ensure264x153
rental,1 Bedroom Apartment,7500,1,1,,4b Rood,Amandelrug,Malmesbury,https://www.property24.com/to-rent/amandelrug/malmesbury/western-cape/7895/116994213,,,Exclusive mandate – Lovely one-bedroom garden cottage situated in the quiet and ...,,https://images.prop24.com/206466645/Ensure264x153
rental,1 Bedroom House,7500,1,1,,Bergzicht,Bergzicht,Malmesbury,https://www.property24.com/to-rent/bergzicht/malmesbury/western-cape/7896/116986635,,,"TO RENT: R7500
Available: Immediately.
Neat and fully renovated flat available, ideal for a single working professional seeking a ...",,https://images.prop24.com/259410876/Ensure264x153
rental,1 Bedroom House,4750,1,1,,Hill Street Malmesbury,Malmesbury Industria,Malmesbury,https://www.property24.com/to-rent/malmesbury-industria/malmesbury/western-cape/16178/116949064,,,"*ROOM AVAILABLE*
We are three young professionals looking for a friendly and ...",,
rental,3 Bedroom House,15000,3,2,,Malmesbury Rural,Malmesbury Rural,Malmesbury,https://www.property24.com/to-rent/malmesbury-rural/malmesbury/western-cape/16580/116954151,,,"This farmhouse is situated on a farm, approximately 14km from Malmesbury in the Kalbaskraal direction (3km gravel road).

Enjoy ...",,https://images.prop24.com/95450643/Ensure264x153
rental,3 Bedroom House,20000,3,2,,Panorama,Panorama,Malmesbury,https://www.property24.com/to-rent/panorama/malmesbury/western-cape/7900/116873535,,,"TO RENT:
R20 000 / Month
Available from: 1 April 2026

Property Highlights:
-3 bedrooms, with the option to convert a space into a ...",,https://images.prop24.com/259410876/Ensure264x153
rental,1 Bedroom Apartment,6500,1,1,,Bergzicht,Bergzicht,Malmesbury,https://www.property24.com/to-rent/bergzicht/malmesbury/western-cape/7896/116986640,,,"Furnished Bachelor Flat – Ideal for a Working Professional.
TO RENT:
R6500 / Month.
Available: Immediately. 
Neat and fully ...",,https://images.prop24.com/259410876/Ensure264x153
rental,1 Bedroom Apartment,5450,1,1,,Bergzicht,Bergzicht,Malmesbury,https://www.property24.com/to-rent/bergzicht/malmesbury/western-cape/7896/115600528,,,"Ideal for one person (Additional R350 for a second person)
On Second floor
1 Bedroom with built-in cupboards
Open-plan kitchen and ...",,https://images.prop24.com/95450643/Ensure264x153
rental,1 Bedroom House,16000,1,1,924 m²,4546 Cincaut Street,Die Wingerd,Malmesbury,https://www.property24.com/to-rent/die-wingerd/malmesbury/western-cape/7899/116890202,,,"Lock-Up-and-Go Living in Die Wingerd

Available: 01 June 2026
Rental: R16 000 per ...",,https://images.prop24.com/350420434/Ensure264x153
rental,1 Bedroom Apartment,5300,1,1,,Amandelrug,Amandelrug,Malmesbury,https://www.property24.com/to-rent/amandelrug/malmesbury/western-cape/7895/110445265,,,"This newly built apartment are perfect for single person or can be used as office space, and walking distance from city center of ...",,https://images.prop24.com/374022238/Crop600x400
rental,1 Bedroom Apartment,5300,1,1,,Amandelrug,Amandelrug,Malmesbury,https://www.property24.com/to-rent/amandelrug/malmesbury/western-cape/7895/117020962,,,"This newly built apartment are perfect for single person or can be used as office space, and walking distance from city center of ...",,https://images.prop24.com/374022238/Crop600x400
rental,1 Bedroom House,6500,1,1,,Doornkuil,Doornkuil,Malmesbury,https://www.property24.com/to-rent/doornkuil/malmesbury/western-cape/32915/116363436,,,"TO RENT
R6500 Per Month
ONE PERSON ONLY.

Available from 1 March / 1 April 2026.

This neat bachelor apartment is ideal for a ...",,https://images.prop24.com/259410876/Ensure264x153
rental,2 Bedroom Apartment,7250,2,2,57 m²,42 Vouvray Cl,Nuutgevonden,Stellenbosch,https://www.property24.com/to-rent/nuutgevonden/stellenbosch/western-cape/14263/117033294,,,"Room available in a Modern Two-Bedroom Apartment in Nuutgevonden, Available 1 May ...",,
rental,3 Bedroom House,20000,3,2,148 m²,13 Candelabra Street,Welgevonden,Stellenbosch,https://www.property24.com/to-rent/welgevonden/stellenbosch/western-cape/33064/113019128,,,This 3-bedroom townhouse is situated within a secure estate. The open plan living and ...,,https://images.prop24.com/322138770/Ensure264x153
rental,2 Bedroom Apartment,20000,2,1,56 m²,25 Dennesig,Dennesig,Stellenbosch,https://www.property24.com/to-rent/dennesig/stellenbosch/western-cape/8529/117014454,,,MODERN STUDENT HUB: Renovated & Furnished 2-Bedroom Apartment in Dennesig ...,,
rental,2 Bedroom House,18000,2,1,261 m²,25 Chenin Blanc,Die Boord,Stellenbosch,https://www.property24.com/to-rent/die-boord/stellenbosch/western-cape/8530/117062794,,,Klein Geluk is a very popular community in the south side of Die Boord. This attractive ...,,
rental,2 Bedroom Townhouse,19000,2,0,111 m²,65 Arbour Street,Newinbosch,Stellenbosch,https://www.property24.com/to-rent/newinbosch/stellenbosch/western-cape/33422/117055854,,,This stylish and newly built double-storey home offers contemporary living in the ...,,https://images.prop24.com/322138770/Ensure264x153
rental,1 Bedroom Apartment,9300,1,1,,2 Verreweide Street,Universiteitsoord,Stellenbosch,https://www.property24.com/to-rent/universiteitsoord/stellenbosch/western-cape/8545/117035789,,,"FEMALE ROOM ONLY - NOT ACCREDITED

A fully furnished student room will be available ...",,https://images.prop24.com/265117539/Ensure264x153
rental,2 Bedroom Apartment,13000,2,1,36 m²,La Colline,La Colline,Stellenbosch,https://www.property24.com/to-rent/la-colline/stellenbosch/western-cape/8537/117064980,,,"This semi-furnished two-bedroom one bathroom apartment in La Colline, Stellenbosch is perfect for a student or young professional ...",,https://images.prop24.com/274247493/Ensure264x153
rental,2 Bedroom Apartment,14000,2,1,56 m²,9 Grappa Street (the Bosk 136),Newinbosch,Stellenbosch,https://www.property24.com/to-rent/newinbosch/stellenbosch/western-cape/33422/116799078?plId=2335712&plt=4,,,"Live in the heart of the beautiful Newinbosch Neighbourhood Estate, where modern design blends seamlessly with peaceful vineyard and farmland views.
Situated in The Bosk, the first ...",,https://images.prop24.com/320031881/Ensure528x153
rental,Farm,16000,1,0,,2 Raithby Rd,Raithby,Stellenbosch,https://www.property24.com/to-rent/raithby/stellenbosch/western-cape/7805/117044952,,,"Stonehouse – Modern Freestanding Farm Cottage

A charming, modern 2-bedroom ...",,
rental,2 Bedroom Townhouse,18500,2,2,151 m²,31 Gelders Street,Aan de Wijnlanden,Stellenbosch,https://www.property24.com/to-rent/aan-de-wijnlanden/stellenbosch/western-cape/17617/116277877,,,"PRESENTED BY TEAM JUAN COMBRINCK
Discover contemporary living in the heart of the Cape ...",,https://images.prop24.com/362732644/Ensure264x153
rental,2 Bedroom Apartment,8700,2,1,52 m²,Aan de Wijnlanden,Aan de Wijnlanden,Stellenbosch,https://www.property24.com/to-rent/aan-de-wijnlanden/stellenbosch/western-cape/17617/115630146,,,"**Solaris Crest**

Suburb: De Wijnlanden

Solaris abuts the Aan de Wijnlanden and De Wijnlanden Estates at the entrance to the ...",,
rental,2 Bedroom Apartment,17500,2,1,55 m²,"24 The Bosk, 1 Newinbosch Boulevrd Street",Stellenbosch Central,Stellenbosch,https://www.property24.com/to-rent/stellenbosch-central/stellenbosch/western-cape/8566/116944808,,,"Sole and Exclusive Mandate

Thinking of a new beginning?
This is your opportunity to ...",,https://images.prop24.com/362886630/Ensure264x153
rental,1 Bedroom Apartment,14500,1,1,22 m²,Stellenbosch Central,Stellenbosch Central,Stellenbosch,https://www.property24.com/to-rent/stellenbosch-central/stellenbosch/western-cape/8566/114477629,,,"This semi-furnished bachelor apartment is ideally located on central campus, making it a convenient choice for students. 
Within ...",,https://images.prop24.com/374278877/Ensure264x153
rental,2 Bedroom House,18900,2,2,2.57 ha,Raithby,Raithby,Stellenbosch,https://www.property24.com/to-rent/raithby/stellenbosch/western-cape/7805/116988503,,,"Experience the charm of the Stellenbosch winelands in this modern, fully furnished garden cottage. Tastefully decorated with ...",,https://images.prop24.com/332501828/Ensure264x153
rental,2 Bedroom Apartment,14600,2,1,,18 Weidenhof Street,Stellenbosch Central,Stellenbosch,https://www.property24.com/to-rent/stellenbosch-central/stellenbosch/western-cape/8566/117059862,,,This lovely and well-maintained two-bedroom apartment offers comfortable and convenient ...,,https://images.prop24.com/256559818/Ensure264x153
rental,2 Bedroom Apartment,10000,2,1,39 m²,La Colline,La Colline,Stellenbosch,https://www.property24.com/to-rent/la-colline/stellenbosch/western-cape/8537/117064901,,,"This unfurnished two-bedroom one bathroom apartment in La Colline, Stellenbosch is perfect for a student or young professional looking ...",,https://images.prop24.com/376553190/Crop600x400
rental,3 Bedroom House,19800,3,2,298 m²,Stellenbosch Farms,Stellenbosch Farms,Stellenbosch,https://www.property24.com/to-rent/stellenbosch-farms/stellenbosch/western-cape/8562/116767981,,,"Located in the peaceful community of Johannesdal, Pniel, this free standing home offers relaxed country living in one of the most ...",,https://images.prop24.com/273241908/Ensure264x153
rental,2 Bedroom Apartment,15950,2,1,62 m²,"30 Bergzicht, 164 Merriman Street",Stellenbosch Central,Stellenbosch,https://www.property24.com/to-rent/stellenbosch-central/stellenbosch/western-cape/8566/117050645,,,"Looking for comfort and convenience? 

This neat and spacious 2-bedroom, 1-bathroom ...",,https://images.prop24.com/376276757/Crop600x400
rental,1 Bedroom Apartment,6300,1,2,,"Corner Of Annondale Road and Helderbergpad, Stellenbosch",Stellenbosch Farms,Stellenbosch,https://www.property24.com/to-rent/stellenbosch-farms/stellenbosch/western-cape/8562/115326540,,,"Room to let in a communal house.  RENT INCLUDES ELECTRICITY, WATER, Wi-Fi and a cleaning ...",,https://images.prop24.com/353112873/Crop600x400
rental,2 Bedroom Apartment,19900,2,1,30 m²,18 Dennesig St,Stellenbosch Central,Stellenbosch,https://www.property24.com/to-rent/stellenbosch-central/stellenbosch/western-cape/8566/116884565,,,"The One - Central Stellenbosch
Secure an exclusive apartment at The One, Stellenbosch’s ...",,
rental,2 Bedroom Townhouse,20000,2,2,157 m²,Newinbosch,Newinbosch,Stellenbosch,https://www.property24.com/to-rent/newinbosch/stellenbosch/western-cape/33422/117014419,,,"An opportunity for the popular 2 bedroom 2 bathroom townhouse in Newinbosch, just outside central Stellenbosch. Landscaped garden going ...",,https://images.prop24.com/206466645/Ensure264x153
rental,2 Bedroom Apartment,14000,2,1,55 m²,Klein Welgevonden,Klein Welgevonden,Stellenbosch,https://www.property24.com/to-rent/klein-welgevonden/stellenbosch/western-cape/11685/116995581,,,"Enjoy comfortable living in this well-maintained two-bedroom, one-bathroom apartment located in the secure Stellenhurst complex in ...",,https://images.prop24.com/353086398/Ensure264x153
rental,2 Bedroom Apartment,8500,2,1,70 m²,Uniepark,Uniepark,Stellenbosch,https://www.property24.com/to-rent/uniepark/stellenbosch/western-cape/8563/117001508,,,"This spacious fully furnished 2-bedroom apartment is available to rent in Unipepark and is perfect for students.

The sharing unit ...",,
rental,2 Bedroom Apartment,19000,2,1,60 m²,"78 Ss Bosmans Crossing, 8 Laer Dorp Street",Papegaaiberg Industrial Park,Stellenbosch,https://www.property24.com/to-rent/papegaaiberg-industrial-park/stellenbosch/western-cape/25556/116893108,,,"This modern apartment offers effortless living, combining contemporary design, comfort ...",,https://images.prop24.com/242461081/Ensure264x153
rental,1 Bedroom Apartment,12500,1,1,45 m²,Stellenbosch Central,Stellenbosch Central,Stellenbosch,https://www.property24.com/to-rent/stellenbosch-central/stellenbosch/western-cape/8566/116995307,,,"Discover modern living in this stylish, Semi-furnished 1-bedroom apartment, perfectly situated in the vibrant Stellenbosch Central. ...",,https://images.prop24.com/362901358/Ensure264x153
rental,2 Bedroom Apartment,7500,2,1,,28 Dr Malan Road,La Colline,Stellenbosch,https://www.property24.com/to-rent/la-colline/stellenbosch/western-cape/8537/116937111,,,"This inviting shared 2-bedroom, 1-bathroom rental property in La Colline, Stellenbosch ...",,https://images.prop24.com/362886630/Ensure264x153
rental,2 Bedroom Apartment,17600,2,2,,Nooitgedacht Village,Nooitgedacht Village,Stellenbosch,https://www.property24.com/to-rent/nooitgedacht-village/stellenbosch/western-cape/14758/117059995,,,"Luxury First-Floor Apartment | R17 600 per month

Situated within the highly sought-after Nooitgedacht Village, just 15 minutes from ...",,https://images.prop24.com/374278877/Ensure264x153
rental,1 Bedroom Apartment,14725,1,0,,Stellenbosch Central,Stellenbosch Central,Stellenbosch,https://www.property24.com/to-rent/stellenbosch-central/stellenbosch/western-cape/8566/116509391,,,"Semi-furnished one bedroom unit, with en-suite bathroom,  available in 12 bedroom student residence  on the Green Route in Merriman ...",,https://images.prop24.com/374278877/Ensure264x153
rental,2 Bedroom Apartment,12350,2,1,,Klein Welgevonden,Klein Welgevonden,Stellenbosch,https://www.property24.com/to-rent/klein-welgevonden/stellenbosch/western-cape/11685/109146468,,,"Apartment sitauted in the La Belle Vie complex, Klein Welgevonden to rent. The complex is access controlled, with 24hr security. ...",,https://images.prop24.com/240661370/Ensure264x153
rental,1 Bedroom Apartment,10600,1,1,,Stellenbosch Central,Stellenbosch Central,Stellenbosch,https://www.property24.com/to-rent/stellenbosch-central/stellenbosch/western-cape/8566/108908806,,,"1 Bedroom Unit available in Akkerhof, Bird Street with 1 bathroom & 1 safe allocated parking space.
VERY CLOSE TO TOWN and Walking ...",,
rental,3 Bedroom House,19800,3,2,298 m²,Stellenbosch Farms,Stellenbosch Farms,Stellenbosch,https://www.property24.com/to-rent/stellenbosch-farms/stellenbosch/western-cape/8562/116975138,,,"Located in the peaceful community of Johannesdal, Pniel, this free standing home offers relaxed country living in one of the most ...",,https://images.prop24.com/273241908/Ensure264x153
rental,2 Bedroom Apartment,15950,2,1,,Stellenbosch Farms,Stellenbosch Farms,Stellenbosch,https://www.property24.com/to-rent/stellenbosch-farms/stellenbosch/western-cape/8562/117025085,,,Enjoy modern estate living in this brand new 2-bedroom apartment located in the sought-after Newinbosch Estate. Available from 1 April ...,,https://images.prop24.com/305638802/Ensure264x153
rental,1 Bedroom Apartment,10000,1,1,35 m²,1 Tarentaal Rd,Stellenbosch Central,Stellenbosch,https://www.property24.com/to-rent/stellenbosch-central/stellenbosch/western-cape/8566/111522941,,,"Self-Catering Apartment, open plan kitchen, dining room and lounge with on-suite Bedroom ...",,
rental,2 Bedroom Apartment,16000,2,2,65 m²,Newinbosch,Newinbosch,Stellenbosch,https://www.property24.com/to-rent/newinbosch/stellenbosch/western-cape/33422/116956947,,,"Majestic mountain views from the balcony of this first floor 2 bedroom, 2 bathroom apartment which includes 1 covered parking and 1 ...",,https://images.prop24.com/206466645/Ensure264x153
rental,3 Bedroom Apartment,10000,3,1,68 m²,Cnr Of Ds Botha and Langenhoven Street,Stellenbosch Central,Stellenbosch,https://www.property24.com/to-rent/stellenbosch-central/stellenbosch/western-cape/8566/116532813,,,"Female only

One bedroom in a fully furnished 3-bedroom apartment with spacious rooms ...",,https://images.prop24.com/372151025/Crop600x400
rental,3 Bedroom House,20000,3,2,,Welgevonden Estate,Welgevonden Estate,Stellenbosch,https://www.property24.com/to-rent/welgevonden-estate/stellenbosch/western-cape/12655/106779958,,,"3 Bedroom Home to Rent in Welgevonden Estate – Available 1 May 2026 | R20 000 per month

This charming and well-maintained home is ...",,https://images.prop24.com/376404415/Crop600x400
rental,1 Bedroom Apartment,10500,1,1,30 m²,16 Dennesig St,Stellenbosch Central,Stellenbosch,https://www.property24.com/to-rent/stellenbosch-central/stellenbosch/western-cape/8566/116802054,,,"Modern Studio Apartment for Rent at The One, Stellenbosch

This contemporary studio ...",,https://images.prop24.com/369925707/Crop600x400
rental,2 Bedroom House,17500,2,2,,Welgevonden Estate,Welgevonden Estate,Stellenbosch,https://www.property24.com/to-rent/welgevonden-estate/stellenbosch/western-cape/12655/117004161,,,"Nestled in the sought-after Welgevonden Estate, this charming 2-bedroom, 1-bathroom home offers comfortable estate living just minutes ...",,https://images.prop24.com/240661370/Ensure264x153
rental,1 Bedroom Apartment,7750,1,1,,Stellenbosch Central,Stellenbosch Central,Stellenbosch,https://www.property24.com/to-rent/stellenbosch-central/stellenbosch/western-cape/8566/111795484,,,"Available: 1 May 2026

Shared accommodation Die Pieke - One bedroom available in a neat and well-maintained 2-bedroom apartment in ...",,https://images.prop24.com/308559161/Ensure264x153
rental,1 Bedroom Apartment,10500,1,1,,Paradyskloof,Paradyskloof,Stellenbosch,https://www.property24.com/to-rent/paradyskloof/stellenbosch/western-cape/8540/117035904,,,"Nestled in the sought-after suburb of Paradyskloof, this well-appointed one-bedroom flatlet offers comfortable, self-contained living ...",,https://images.prop24.com/100958998/Ensure264x153
rental,2 Bedroom Apartment,17500,2,1,76 m²,"110 Newinbosch Estate, 110 The Bosk",Newinbosch,Stellenbosch,https://www.property24.com/to-rent/newinbosch/stellenbosch/western-cape/33422/117004110,,,This stylish 2-bedroom ground floor apartment offers the perfect balance of modern ...,,https://images.prop24.com/347583102/Ensure264x153
rental,2 Bedroom Apartment,17500,2,2,65 m²,Newinbosch,Newinbosch,Stellenbosch,https://www.property24.com/to-rent/newinbosch/stellenbosch/western-cape/33422/116950950,,,"This modern, newly built second-floor apartment is situated in the sought-after Newinbosch Estate, offering contemporary living within ...",,https://images.prop24.com/206466645/Ensure264x153
rental,1 Bedroom Apartment,13000,1,1,50 m²,16 Wineacre Drive,Raithby,Stellenbosch,https://www.property24.com/to-rent/raithby/stellenbosch/western-cape/7805/114357762,,,"8 month lease. 
April 1st - November 30th 2026. 
Between Stellenbosch and Somerset ...",,
rental,2 Bedroom Townhouse,18250,2,1,162 m²,Newinbosch,Newinbosch,Stellenbosch,https://www.property24.com/to-rent/newinbosch/stellenbosch/western-cape/33422/116954145,,,This newly built townhouse in Newinbosch offers gorgeous views in a renowned security estate just outside central Stellenbosch. ...,,https://images.prop24.com/206466645/Ensure264x153
rental,1 Bedroom Apartment,10500,1,1,30 m²,16 Dennesig St,Stellenbosch Central,Stellenbosch,https://www.property24.com/to-rent/stellenbosch-central/stellenbosch/western-cape/8566/117008380,,,"Modern Studio Apartment for Rent at The One, Stellenbosch

This contemporary studio ...",,https://images.prop24.com/369925707/Crop600x400
rental,1 Bedroom Apartment,14850,1,1,,Stellenbosch Central,Stellenbosch Central,Stellenbosch,https://www.property24.com/to-rent/stellenbosch-central/stellenbosch/western-cape/8566/115628138,,,"Discover this stunning, large bachelor’s flat in the Jonkershoekweg area. Featuring high ceilings and an open, airy feel, this ...",,https://images.prop24.com/100958998/Ensure264x153
rental,2 Bedroom Apartment,16000,2,1,55 m²,9 Grappa Street,Newinbosch,Stellenbosch,https://www.property24.com/to-rent/newinbosch/stellenbosch/western-cape/33422/116773466,,,The Bosk apartment development within the Newinbosch development in Stellenbosch North ...,,
rental,1 Bedroom Apartment,11000,1,1,50 m²,Stellenbosch Central,Stellenbosch Central,Stellenbosch,https://www.property24.com/to-rent/stellenbosch-central/stellenbosch/western-cape/8566/116552683,,,"A spacious and well-located loft apartment is available for rent in the heart of Stellenbosch Central, just 950 metres from campus. ...",,https://images.prop24.com/225270000/Ensure264x153
rental,2 Bedroom House,20000,2,1,,Welgevonden Estate,Welgevonden Estate,Stellenbosch,https://www.property24.com/to-rent/welgevonden-estate/stellenbosch/western-cape/12655/116668775,,,"Pet-Friendly, Secure 2-Bed Home in Welgevonden Estate!
AVAILABLE 1 May 2026

Discover easy, secure living in this charming two-bedroom ...",,https://images.prop24.com/308559161/Ensure264x153
rental,1 Bedroom Apartment,14000,1,1,30 m²,Dennesig,Dennesig,Stellenbosch,https://www.property24.com/to-rent/dennesig/stellenbosch/western-cape/8529/116850974,,,"This drastically reduced rent is now available till the end of November 2026, but only if you react immediately!
 
This corner ...",,https://images.prop24.com/322138770/Ensure264x153
rental,2 Bedroom Apartment,17000,2,2,56 m²,Stellenbosch Central,Stellenbosch Central,Stellenbosch,https://www.property24.com/to-rent/stellenbosch-central/stellenbosch/western-cape/8566/116936900,,,"Modern 2-Bedroom, 2-Bathroom Ground Floor Unit – Prime Stellenbosch Location
This well-maintained 2-bedroom, 2-bathroom ground floor ...",,https://images.prop24.com/374171220/Crop600x400
rental,2 Bedroom Apartment,4800,2,1,51 m²,"1 Ponta Do Pargo, 244 Bird Street",Stellenbosch Central,Stellenbosch,https://www.property24.com/to-rent/stellenbosch-central/stellenbosch/western-cape/8566/110933608,,,This highly sought-after block of flats offers 2 available rooms within a ...,,https://images.prop24.com/302369800/Crop600x400
rental,3 Bedroom House,10500,3,1,140 m²,Stellenbosch Central,Stellenbosch Central,Stellenbosch,https://www.property24.com/to-rent/stellenbosch-central/stellenbosch/western-cape/8566/116853960,,,"*** Price reduction!!!****

Neat 3-bedroom home in the safe and quiet area of Idas Valley. The house features built-in cupboards, 1 ...",,https://images.prop24.com/372770234/Crop600x400
rental,2 Bedroom Apartment,18000,2,2,,Stellenbosch Central,Stellenbosch Central,Stellenbosch,https://www.property24.com/to-rent/stellenbosch-central/stellenbosch/western-cape/8566/116969294,,,"Available 1 March 2026 

Step into comfort and convenience with this beautifully maintained two-bedroom, two-bathroom ground floor ...",,https://images.prop24.com/341773167/Ensure264x153
rental,1 Bedroom Apartment,12000,1,1,,Stellenbosch Farms,Stellenbosch Farms,Stellenbosch,https://www.property24.com/to-rent/stellenbosch-farms/stellenbosch/western-cape/8562/116974907,,,"Perfect for a single person or couple, this 1-bedroom, 1-bathroom unit offers comfortable living in a peaceful setting. Enjoy access to ...",,https://images.prop24.com/224448669/Ensure264x153
rental,2 Bedroom Apartment,19500,2,2,107 m²,Stellenbosch Central,Stellenbosch Central,Stellenbosch,https://www.property24.com/to-rent/stellenbosch-central/stellenbosch/western-cape/8566/116876693,,,"Twee Pieke is ideally situated in the sought-after suburb of Mostertsdrift, just a 10–15 minute walk from campus. 
This spacious ...",,https://images.prop24.com/186075711/Ensure264x153
rental,3 Bedroom House,17000,3,2,,11 Bordeaux Close,Nuutgevonden,Stellenbosch,https://www.property24.com/to-rent/nuutgevonden/stellenbosch/western-cape/14263/116820755,,,This modern and well-maintained 3-bedroom townhouse is ideally located in the popular ...,,https://images.prop24.com/256559818/Ensure264x153
rental,2 Bedroom Townhouse,20000,2,2,,Newinbosch,Newinbosch,Stellenbosch,https://www.property24.com/to-rent/newinbosch/stellenbosch/western-cape/33422/116957020,,,This 2 bedroom 2 bathroom double storey townhouse has just been completed in the new phase of Newinbosch Neighbourhood. Gardens will be ...,,https://images.prop24.com/206466645/Ensure264x153
rental,2 Bedroom Apartment,14500,2,1,53 m²,Newinbosch,Newinbosch,Stellenbosch,https://www.property24.com/to-rent/newinbosch/stellenbosch/western-cape/33422/115355188,,,"2 Bedroom 1 Bathroom Ground Floor Apartment in Newinbosch Estate - R14500 per montth


Newinbosch, a contemporary eco-conscious ...",,https://images.prop24.com/308559161/Ensure264x153
rental,1 Bedroom Apartment,13000,1,1,,Stellenbosch Central,Stellenbosch Central,Stellenbosch,https://www.property24.com/to-rent/stellenbosch-central/stellenbosch/western-cape/8566/117022948,,,"AVAILABLE FROM 1 APRIL 2026
This well-known and highly sought-after block offers the perfect location right on campus — and ...",,https://images.prop24.com/339477284/Ensure264x153
rental,1 Bedroom Apartment,11500,1,1,23 m²,Stellenbosch Central,Stellenbosch Central,Stellenbosch,https://www.property24.com/to-rent/stellenbosch-central/stellenbosch/western-cape/8566/116919522,,,"Discover Jonkersview Lifestyle Centre, located in the heart of Stellenbosch offering the perfect blend of comfort, convenience and ...",,
rental,1 Bedroom House,14800,1,1,,Stellenbosch Central,Stellenbosch Central,Stellenbosch,https://www.property24.com/to-rent/stellenbosch-central/stellenbosch/western-cape/8566/117040958,,,"If you're looking for a cosy place to call home right in the middle of Stellenbosch, this could be exactly what you've been ...",,https://images.prop24.com/100958998/Ensure264x153
rental,1 Bedroom Apartment,10500,1,1,20 m²,La Colline,La Colline,Stellenbosch,https://www.property24.com/to-rent/la-colline/stellenbosch/western-cape/8537/117015787,,,"This semi-furnished bachelor unit with one en-suite bathroom apartment in La Colline, Stellenbosch is perfect for a student or young ...",,https://images.prop24.com/274247493/Ensure264x153
rental,3 Bedroom Apartment,6500,3,2,,Cabernet Complex 14640 Oude Libertas Avenue,Onder Papegaaiberg,Stellenbosch,https://www.property24.com/to-rent/onder-papegaaiberg/stellenbosch/western-cape/8539/116847500,,,Lovely spacious ground floor 3-bedroom apartment in Cabernet. All bedrooms spaced well ...,,https://images.prop24.com/256559818/Ensure264x153
rental,2 Bedroom Apartment,17000,2,2,56 m²,Stellenbosch Central,Stellenbosch Central,Stellenbosch,https://www.property24.com/to-rent/stellenbosch-central/stellenbosch/western-cape/8566/116940884,,,"Modern 2-Bedroom, 2-Bathroom Ground Floor Unit – Prime Stellenbosch Location
This well-maintained 2-bedroom, 2-bathroom ground floor ...",,https://images.prop24.com/374171220/Crop600x400
rental,2 Bedroom Apartment,10000,2,1,39 m²,La Colline,La Colline,Stellenbosch,https://www.property24.com/to-rent/la-colline/stellenbosch/western-cape/8537/116932374,,,"This unfurnished two-bedroom one bathroom apartment in La Colline, Stellenbosch is perfect for a student or young professional looking ...",,https://images.prop24.com/374089673/Crop600x400
rental,1 Bedroom Apartment,12900,1,1,47 m²,Stellenbosch Central,Stellenbosch Central,Stellenbosch,https://www.property24.com/to-rent/stellenbosch-central/stellenbosch/western-cape/8566/116871947,,,"This charming, semi-furnished 1-bedroom unit is ideally located in the heart of Central Stellenbosch, within proximity to the ...",,https://images.prop24.com/372993781/Crop600x400
rental,2 Bedroom Apartment,14500,2,1,53 m²,Newinbosch,Newinbosch,Stellenbosch,https://www.property24.com/to-rent/newinbosch/stellenbosch/western-cape/33422/116861670,,,"This 2 bedroom, 1 bathroom, ground floor apartment includes a private garden and 2 parkings in tandem. Situated on Induli Street in the ...",,https://images.prop24.com/372813423/Crop600x400
rental,2 Bedroom Apartment,15500,2,1,56 m²,9 Grappa,Newinbosch,Stellenbosch,https://www.property24.com/to-rent/newinbosch/stellenbosch/western-cape/33422/116717832,,,"Welcome to this immaculate 2-bedroom, 1-bathroom apartment located on the second floor ...",,https://images.prop24.com/362934278/Ensure264x153
rental,2 Bedroom Apartment,8500,2,1,56 m²,The Bosk,Newinbosch,Stellenbosch,https://www.property24.com/to-rent/newinbosch/stellenbosch/western-cape/33422/116802239,,,"Modern Fully Furnished Room Available – The Bosk, Newinbosch

Move-in ready 1 bedroom ...",,
rental,1 Bedroom Apartment,6500,1,1,,Stellenbosch Central,Stellenbosch Central,Stellenbosch,https://www.property24.com/to-rent/stellenbosch-central/stellenbosch/western-cape/8566/117018522,,,Room available in a neat two-bedroom apartment located in the popular Nauvauo Complex in Stellenbosch. Ideal for a Female student ...,,https://images.prop24.com/242461081/Ensure264x153
rental,1 Bedroom Apartment,10850,1,1,,10 Mill St,Stellenbosch Central,Stellenbosch,https://www.property24.com/to-rent/stellenbosch-central/stellenbosch/western-cape/8566/110409652,,,"Modern Central Apartment

Fully furnished private apartment in the heart of ...",,
rental,1 Bedroom Apartment,13200,1,1,,Stellenbosch Central,Stellenbosch Central,Stellenbosch,https://www.property24.com/to-rent/stellenbosch-central/stellenbosch/western-cape/8566/116922531,,,"Bachelor's available 1 March -  Black Horse Centre in Markstreet - close to restaurants and Central town
Fully Furnished with 2 ...",,https://images.prop24.com/256559818/Ensure264x153
rental,2 Bedroom Apartment,14500,2,1,57 m²,Nuutgevonden,Nuutgevonden,Stellenbosch,https://www.property24.com/to-rent/nuutgevonden/stellenbosch/western-cape/14263/116885088,,,"Modern 2-Bedroom Ground Floor Apartment to Let in Medoc Mews, Stellenbosch

This immediately available two-bedroom ground floor ...",,
rental,2 Bedroom Apartment,9500,2,1,,Aan de Wijnlanden,Aan de Wijnlanden,Stellenbosch,https://www.property24.com/to-rent/aan-de-wijnlanden/stellenbosch/western-cape/17617/115876590,,,"2 Bedroom Apartment / Flat to Rent in Aan De Wijnlanden


This stunning  unit has breathtaking views and the feel of ...",,
rental,2 Bedroom Apartment,8200,2,1,,Solaris Views 1 Aan De Wijnlanden Drive,Aan de Wijnlanden,Stellenbosch,https://www.property24.com/to-rent/aan-de-wijnlanden/stellenbosch/western-cape/17617/114500292,,,Looking for secure estate living without breaking the bank? This neat and ...,,https://images.prop24.com/310986789/Ensure264x153
rental,2 Bedroom Apartment,13000,2,2,,Nuutgevonden,Nuutgevonden,Stellenbosch,https://www.property24.com/to-rent/nuutgevonden/stellenbosch/western-cape/14263/116533650,,,"Modern 2-bedroom, 2-bathroom ground floor apartment available in Pinot Mews, Nuutgevonden, Stellenbosch.

The unit features an ...",,https://images.prop24.com/100958998/Ensure264x153
rental,1 Bedroom Apartment,7398,1,1,,La Colline,La Colline,Stellenbosch,https://www.property24.com/to-rent/la-colline/stellenbosch/western-cape/8537/107473792,,,"1 Bedroom is available in a Two-bedroom apartment.                                                     
The apartment is an 8-minute ...",,https://images.prop24.com/100958998/Ensure264x153
rental,2 Bedroom Apartment,15950,2,1,62 m²,Stellenbosch Central,Stellenbosch Central,Stellenbosch,https://www.property24.com/to-rent/stellenbosch-central/stellenbosch/western-cape/8566/109169601,,,"This immaculate apartment has beautiful views from the open patio and is in a secure complex.

It is close to campus and within ...",,https://images.prop24.com/100958998/Ensure264x153
rental,2 Bedroom Apartment,17000,2,2,66 m²,Newinbosch,Newinbosch,Stellenbosch,https://www.property24.com/to-rent/newinbosch/stellenbosch/western-cape/33422/116804124,,,"This modern, newly built second-floor apartment is situated in the sought-after Newinbosch Estate, offering contemporary living within ...",,https://images.prop24.com/206466645/Ensure264x153
rental,2 Bedroom Apartment,9500,2,1,,Aan de Wijnlanden,Aan de Wijnlanden,Stellenbosch,https://www.property24.com/to-rent/aan-de-wijnlanden/stellenbosch/western-cape/17617/116895853,,,"2 Bedroom Apartment / Flat to Rent in Aan De Wijnlanden


This stunning  unit has breathtaking views and the feel of ...",,
rental,1 Bedroom Apartment,11230,1,1,,Dennesig,Dennesig,Stellenbosch,https://www.property24.com/to-rent/dennesig/stellenbosch/western-cape/8529/116882001,,,"NEWLY RENOVATED, UNFURNISHED

Beautiful, one bedroom apartment in central Stellenbosch.

Ground floor unit with a patio and ...",,https://images.prop24.com/233852929/Ensure264x153
rental,1 Bedroom Apartment,20000,1,1,80 m²,De Zalze Winelands Golf Estate,De Zalze Winelands Golf Estate,Stellenbosch,https://www.property24.com/to-rent/de-zalze-winelands-golf-estate/stellenbosch/western-cape/10502/113749698,,,This furnished lodge in De Zalze has incredible views and is available for the winter months (1 May to 30 September). The apartment is ...,,https://images.prop24.com/265644392/Ensure264x153
rental,1 Bedroom Townhouse,6500,1,1,,Mt. Simon Estate,Mt. Simon Estate,Stellenbosch,https://www.property24.com/to-rent/mt-simon-estate/stellenbosch/western-cape/16645/116870169,,,"Females
A furnished bedroom is available in a fully furnished 4-bedroom house located in the secure and well-maintained Mount Simon ...",,https://images.prop24.com/362886630/Ensure264x153
rental,2 Bedroom House,16500,2,2,,Nuutgevonden,Nuutgevonden,Stellenbosch,https://www.property24.com/to-rent/nuutgevonden/stellenbosch/western-cape/14263/110011696,,,"Lovely two bedroom house to rent.   Five km from center of town.  
A small garden is ideal for young professionals to enjoy afternoon ...",,https://images.prop24.com/313392553/Crop600x400
rental,1 Bedroom Apartment,9500,1,1,,Stellenbosch Central,Stellenbosch Central,Stellenbosch,https://www.property24.com/to-rent/stellenbosch-central/stellenbosch/western-cape/8566/116980146,,,"Bachelor apartment in dorp street - r9500.00 per month - AVAILABLE 1 May 2026

Bachelor apartment in Historic Dorp street, located in ...",,https://images.prop24.com/374960956/Crop600x400
rental,2 Bedroom Apartment,16000,2,2,64 m²,10 Grappa Street (the Bosk 60),Newinbosch,Stellenbosch,https://www.property24.com/to-rent/newinbosch/stellenbosch/western-cape/33422/116777574,,,Spacious Ground Floor 2 Bedrooms and 2 Bathrooms unit measuring 64m² at The ...,,https://images.prop24.com/320031844/Ensure264x153
rental,2 Bedroom Apartment,16000,2,2,64 m²,10 Grappa Street (the Bosk 60),Newinbosch,Stellenbosch,https://www.property24.com/to-rent/newinbosch/stellenbosch/western-cape/33422/115901138,,,Spacious Ground Floor 2 Bedrooms and 2 Bathrooms unit measuring 64m² at The ...,,https://images.prop24.com/320031844/Ensure264x153
rental,1 Bedroom Apartment,12440,1,1,,27 On Cluver,Universiteitsoord,Stellenbosch,https://www.property24.com/to-rent/universiteitsoord/stellenbosch/western-cape/8545/109859941,,,"Rooms available to share in 27On Cluver

Still looking for accommodation walking ...",,https://images.prop24.com/100958998/Ensure264x153
rental,1 Bedroom House,7500,1,1,,"8 Ss Chablis Mews, 1 Null Null",Nuutgevonden,Stellenbosch,https://www.property24.com/to-rent/nuutgevonden/stellenbosch/western-cape/14263/116924036,,,"The complex is located approximately 1.8 km from Stellenbosch University, making it a ...",,https://images.prop24.com/242461081/Ensure264x153
rental,1 Bedroom Apartment,6700,1,1,,Stellenbosch Farms,Stellenbosch Farms,Stellenbosch,https://www.property24.com/to-rent/stellenbosch-farms/stellenbosch/western-cape/8562/116940769,,,"Cosy flatlet available for rent.  

Extra costs: Metered water and prepaid electricity.

Available for occupation from the 1st of ...",,https://images.prop24.com/256559818/Ensure264x153
rental,1 Bedroom Apartment,8000,1,1,,La Colline,La Colline,Stellenbosch,https://www.property24.com/to-rent/la-colline/stellenbosch/western-cape/8537/113269630,,,One bedroom to rent semi furnished,,https://images.prop24.com/248335689/Ensure264x153
rental,2 Bedroom Apartment,15500,2,1,53 m²,9 Grappa Street (18058-3),Newinbosch,Stellenbosch,https://www.property24.com/to-rent/newinbosch/stellenbosch/western-cape/33422/116749140,,,"2 Bedroom Simplex in Stellenbosch
This new ground floor apartment is available to rent ...",,https://images.prop24.com/320031844/Ensure264x153
rental,2 Bedroom Apartment,16000,2,1,76 m²,9 Grappa Street (the Bosk 123),Newinbosch,Stellenbosch,https://www.property24.com/to-rent/newinbosch/stellenbosch/western-cape/33422/116804270,,,Stylish two bedroom one bathroom apartment in the heart of Newinbosch Neighbourhood ...,,https://images.prop24.com/320031844/Ensure264x153
rental,1 Bedroom Apartment,9900,1,1,,Rozendal,Rozendal,Stellenbosch,https://www.property24.com/to-rent/rozendal/stellenbosch/western-cape/8541/116862652,,,"Newly renovated garden cottage (bachelor flat) located next to a main house in a quiet, residential area of Stellenbosch, while still ...",,
rental,2 Bedroom Apartment,14500,2,1,,Stellenbosch Central,Stellenbosch Central,Stellenbosch,https://www.property24.com/to-rent/stellenbosch-central/stellenbosch/western-cape/8566/116900857,,,"Not NSFAS accredited.
Charming 75m² Duplex.
Suitable for Students or Family.  Open plan and newly renovated Kitchen, shower, 1 ...",,https://images.prop24.com/339477284/Ensure264x153
rental,3 Bedroom Apartment,18000,3,2,76 m²,Newinbosch,Newinbosch,Stellenbosch,https://www.property24.com/to-rent/newinbosch/stellenbosch/western-cape/33422/116615668,,,"Experience easy estate living in this brand-new second-floor apartment at The Bosk in Newinbosch Estate, where modern design meets a ...",,https://images.prop24.com/206466645/Ensure264x153
rental,3 Bedroom Apartment,6500,3,2,,Stellenbosch Central,Stellenbosch Central,Stellenbosch,https://www.property24.com/to-rent/stellenbosch-central/stellenbosch/western-cape/8566/116708948,,,Escape to the countryside while staying just 3.5km from the heart of Stellenbosch! This modern 1st-floor unit offers uninterrupted ...,,https://images.prop24.com/374278877/Ensure264x153
rental,2 Bedroom Apartment,16000,2,2,65 m²,"The Bosk 142, 9 Grappa Street",Newinbosch,Stellenbosch,https://www.property24.com/to-rent/newinbosch/stellenbosch/western-cape/33422/116749190,,,"Live in the heart of the breathtaking Newinbosch Neighbourhood Estate, where ...",,https://images.prop24.com/370681721/Crop600x400
rental,1 Bedroom Apartment,17000,1,1,,Stellenbosch Central,Stellenbosch Central,Stellenbosch,https://www.property24.com/to-rent/stellenbosch-central/stellenbosch/western-cape/8566/116695382,,,"The One is luxury student accommodation.
The complex is designed for comfort.

The kitchen is equipped with a stove / oven and a ...",,https://images.prop24.com/369940425/Crop600x400
rental,3 Bedroom House,6000,3,2,,Mostertsdrift,Mostertsdrift,Stellenbosch,https://www.property24.com/to-rent/mostertsdrift/stellenbosch/western-cape/11541/116686777,,,"Experience luxury in this elegant Mostertsdrift home, perfectly located in the heart of Stellenbosch and the Cape Winelands. Surrounded ...",,https://images.prop24.com/369787523/Crop600x400
rental,2 Bedroom Apartment,17500,2,1,58 m²,Stellenbosch Central,Stellenbosch Central,Stellenbosch,https://www.property24.com/to-rent/stellenbosch-central/stellenbosch/western-cape/8566/116490997,,,"Discover this practical 2-bedroom, 1-bathroom apartment available for rent in a secure complex. Spanning 58 square meters, this ...",,https://images.prop24.com/362886630/Ensure264x153
rental,1 Bedroom Apartment,9200,1,1,,Stellenbosch Central,Stellenbosch Central,Stellenbosch,https://www.property24.com/to-rent/stellenbosch-central/stellenbosch/western-cape/8566/116950217,,,"This bachelor apartment in Stellenbosch offers a compact yet functional living space, ideal for students or young professionals. ...",,https://images.prop24.com/251035538/Ensure264x153
rental,2 Bedroom Apartment,14000,2,2,,Stellenbosch Central,Stellenbosch Central,Stellenbosch,https://www.property24.com/to-rent/stellenbosch-central/stellenbosch/western-cape/8566/116746009,,,"4th year student looking for a female flatemate (student or young professional welcome)
quiet, respectful and focused on ...",,https://images.prop24.com/339477284/Ensure264x153
rental,2 Bedroom Apartment,19900,2,1,,Stellenbosch Central,Stellenbosch Central,Stellenbosch,https://www.property24.com/to-rent/stellenbosch-central/stellenbosch/western-cape/8566/116748331,,,"Welcome to The One—Stellenbosch’s brand-new, premium student accommodation. This stylish, fully furnished shared studio offers comfort ...",,https://images.prop24.com/374278877/Ensure264x153
rental,2 Bedroom Apartment,15000,2,1,53 m²,(18032-10) - 2 Induli Street,Newinbosch,Stellenbosch,https://www.property24.com/to-rent/newinbosch/stellenbosch/western-cape/33422/116560460,,,"This brand new , first floor apartment will be available to rent in the popular award ...",,https://images.prop24.com/320031844/Ensure264x153
rental,1 Bedroom Apartment,6875,1,1,,Stellenbosch Central,Stellenbosch Central,Stellenbosch,https://www.property24.com/to-rent/stellenbosch-central/stellenbosch/western-cape/8566/116629966,,,"Welcome to The Web, a premier private student residence located at 1 Old Helshoogte Road, Idas Valley, Stellenbosch. This striking ...",,https://images.prop24.com/329458126/Ensure264x153
rental,3 Bedroom Apartment,20000,3,2,77 m²,9 Grappa Street (the Bosk 163),Newinbosch,Stellenbosch,https://www.property24.com/to-rent/newinbosch/stellenbosch/western-cape/33422/115900786,,,"Live in the heart of the breathtaking Newinbosch Neighbourhood Estate, where ...",,https://images.prop24.com/320031844/Ensure264x153
rental,2 Bedroom Apartment,20000,2,1,56 m²,Stellenbosch Central,Stellenbosch Central,Stellenbosch,https://www.property24.com/to-rent/stellenbosch-central/stellenbosch/western-cape/8566/115458758,,,This stylish and contemporary 2-bedroom unit is perfect for students looking for a convenient on-campus living experience. Available ...,,https://images.prop24.com/100958998/Ensure264x153
rental,2 Bedroom Apartment,14800,2,1,52 m²,La Colline,La Colline,Stellenbosch,https://www.property24.com/to-rent/la-colline/stellenbosch/western-cape/8537/114449850,,,"Charming Semi-Furnished First-Floor Flat in La Colline

This inviting flat offers the perfect lock-up-and-go lifestyle in a secure ...",,https://images.prop24.com/100958998/Ensure264x153
rental,2 Bedroom Apartment,16000,2,1,56 m²,9 Grappa Street (the Bosk 146),Newinbosch,Stellenbosch,https://www.property24.com/to-rent/newinbosch/stellenbosch/western-cape/33422/116736232,,,"Live in the heart of the breathtaking Newinbosch Neighbourhood Estate, where ...",,https://images.prop24.com/320031844/Ensure264x153
rental,1 Bedroom Apartment,9200,1,1,,Stellenbosch Central,Stellenbosch Central,Stellenbosch,https://www.property24.com/to-rent/stellenbosch-central/stellenbosch/western-cape/8566/110139178,,,"This bachelor apartment in Stellenbosch offers a compact yet functional living space, ideal for students or young professionals. ...",,https://images.prop24.com/251035538/Ensure264x153
rental,2 Bedroom Apartment,15000,2,1,56 m²,9 Grappa Street (the Bosk 134),Newinbosch,Stellenbosch,https://www.property24.com/to-rent/newinbosch/stellenbosch/western-cape/33422/116740133,,,"Live in the heart of the breathtaking Newinbosch Neighbourhood Estate, where ...",,https://images.prop24.com/320031844/Ensure264x153
rental,3 Bedroom Apartment,20000,3,2,77 m²,9 Grappa Street (the Bosk 167),Newinbosch,Stellenbosch,https://www.property24.com/to-rent/newinbosch/stellenbosch/western-cape/33422/116692563,,,Experience contemporary living in this beautifully designed 77m² first-floor ...,,https://images.prop24.com/369889925/Crop600x400
rental,1 Bedroom House,8500,1,1,,Onder Papegaaiberg,Onder Papegaaiberg,Stellenbosch,https://www.property24.com/to-rent/onder-papegaaiberg/stellenbosch/western-cape/8539/115381959,,,"1 Room Available – Onder Papegaaiberg, Kleinvallei Street – Available Immediately.

Spacious 4-bedroom house shared with 2 working male ...",,https://images.prop24.com/248335689/Ensure264x153
rental,1 Bedroom Apartment,11950,1,1,,Stellenbosch Central,Stellenbosch Central,Stellenbosch,https://www.property24.com/to-rent/stellenbosch-central/stellenbosch/western-cape/8566/116416832,,,Missed out on Armentum? A rare opening has just become available due to an early termination! Secure your spot in one of Stellenbosch’s ...,,https://images.prop24.com/374278877/Ensure264x153
rental,1 Bedroom Apartment,9100,1,1,,Stellenbosch Central,Stellenbosch Central,Stellenbosch,https://www.property24.com/to-rent/stellenbosch-central/stellenbosch/western-cape/8566/116426019,,,"Due to an unexpected early cancellation, a golden opportunity has opened up for one male student to join a sought-after two-bedroom ...",,https://images.prop24.com/374278877/Ensure264x153
rental,1 Bedroom House,15500,1,0,,Stellenbosch Central,Stellenbosch Central,Stellenbosch,https://www.property24.com/to-rent/stellenbosch-central/stellenbosch/western-cape/8566/113621879,,,Room available in the Manorgrove Manor House for Postgraduate student. The epitome of luxury student living nestled in the heart of ...,,https://images.prop24.com/363011215/Ensure264x153
rental,1 Bedroom Apartment,10500,1,1,,Stellenbosch Central,Stellenbosch Central,Stellenbosch,https://www.property24.com/to-rent/stellenbosch-central/stellenbosch/western-cape/8566/116418477,,,"Flexible occupation & great pricing!

We understand student schedules can be tricky, especially around exams. While your payment ...",,https://images.prop24.com/374278877/Ensure264x153
rental,2 Bedroom Apartment,3200,2,1,,13 Van Riebeeck Street,Stellenbosch Central,Stellenbosch,https://www.property24.com/to-rent/stellenbosch-central/stellenbosch/western-cape/8566/116456426,,,"A Walk Away is a quiet, two bedroom, self-catering apartment with a fully equipped ...",,https://images.prop24.com/357965173/Ensure264x153
rental,1 Bedroom Apartment,20000,1,1,30 m²,Stellenbosch Central,Stellenbosch Central,Stellenbosch,https://www.property24.com/to-rent/stellenbosch-central/stellenbosch/western-cape/8566/116685761,,,"Brand new 1 bedroom apartment, with Aircon, furnished, a balcony and reserved parking bay. Situated on the tree lined streets of ...",,https://images.prop24.com/206466645/Ensure264x153
rental,2 Bedroom Apartment,14000,2,1,,17 Induli Street (18058-7),Newinbosch,Stellenbosch,https://www.property24.com/to-rent/newinbosch/stellenbosch/western-cape/33422/115234893,,,"This brand new , first floor apartment will be available to rent in the popular award ...",,https://images.prop24.com/320031844/Ensure264x153
rental,2 Bedroom Apartment,16000,2,2,64 m²,9 Grappa Street (unit 78),Newinbosch,Stellenbosch,https://www.property24.com/to-rent/newinbosch/stellenbosch/western-cape/33422/116245898,,,"Live in the heart of the breathtaking Newinbosch Neighbourhood Estate, where ...",,https://images.prop24.com/320031844/Ensure264x153
rental,2 Bedroom Apartment,16500,2,1,56 m²,9 Grappa Street (the Bosk 135),Newinbosch,Stellenbosch,https://www.property24.com/to-rent/newinbosch/stellenbosch/western-cape/33422/116548059,,,"Live in the heart of the breathtaking Newinbosch Neighbourhood Estate, where ...",,https://images.prop24.com/320031844/Ensure264x153
rental,1 Bedroom Apartment,20000,1,1,30 m²,Stellenbosch Central,Stellenbosch Central,Stellenbosch,https://www.property24.com/to-rent/stellenbosch-central/stellenbosch/western-cape/8566/116935295,,,"Brand new 1 bedroom apartment, with Aircon, furnished, a balcony and reserved parking bay. Situated on the tree lined streets of ...",,https://images.prop24.com/206466645/Ensure264x153
rental,2 Bedroom Apartment,18000,2,1,70 m²,34 Main Rd,Franschhoek,Franschhoek,https://www.property24.com/to-rent/franschhoek/franschhoek/western-cape/8653/117052628,,,"Set within the prestigious sought after La Petite Provence Residential Wine Estate, this ...",,https://images.prop24.com/376312415/Crop600x400
rental,1 Bedroom Apartment,20000,1,1,68 m²,Franschhoek,Franschhoek,Franschhoek,https://www.property24.com/to-rent/franschhoek/franschhoek/western-cape/8653/117033725,,,"The Nest: Your Romantic Retreat in the Heart of Franschhoek
Welcome to The Nest, an exquisite art-filled hideaway nestled in the ...",,https://images.prop24.com/376564796/Crop600x400
rental,1 Bedroom Apartment,20000,1,1,68 m²,Franschhoek,Franschhoek,Franschhoek,https://www.property24.com/to-rent/franschhoek/franschhoek/western-cape/8653/117065456,,,"The Nest: Your Romantic Retreat in the Heart of Franschhoek
Welcome to The Nest, an exquisite art-filled hideaway nestled in the ...",,https://images.prop24.com/376564796/Crop600x400
rental,2 Bedroom Apartment,16000,2,2,90 m²,"Unit 4 Village Artisan, Unit 4 Village Artisan",Franschhoek,Franschhoek,https://www.property24.com/to-rent/franschhoek/franschhoek/western-cape/8653/111882395,,,"Lovely 2 bedroom apartment for rent from the 1st of May 2026

Large open plan lounge ...",,https://images.prop24.com/288263725/Crop600x400
rental,1 Bedroom Apartment,15000,1,1,,Franschhoek,Franschhoek,Franschhoek,https://www.property24.com/to-rent/franschhoek/franschhoek/western-cape/8653/116887622,,,"Available from 01 March
The apartment features an open-plan living and kitchen area with modern finishes and built-in cupboards. The ...",,https://images.prop24.com/362886630/Ensure264x153
rental,1 Bedroom Apartment,10800,1,1,,Franschhoek,Franschhoek,Franschhoek,https://www.property24.com/to-rent/franschhoek/franschhoek/western-cape/8653/117019616,,,"This Spacious Studio apartment is located in the heart of Franschhoek. 
Its situated in the Secured Complex and in walking distance to ...",,https://images.prop24.com/340145194/Ensure264x153
rental,1 Bedroom Apartment,18000,1,1,66 m²,Franschhoek,Franschhoek,Franschhoek,https://www.property24.com/to-rent/franschhoek/franschhoek/western-cape/8653/116822281,,,"Discover this inviting 1-bedroom, 1-bathroom apartment available for rent in the picturesque Winelands town of Franschhoek, South ...",,https://images.prop24.com/362886630/Ensure264x153
rental,1 Bedroom Apartment,10800,1,1,43 m²,Franschhoek,Franschhoek,Franschhoek,https://www.property24.com/to-rent/franschhoek/franschhoek/western-cape/8653/114432803,,,Spacious studio apartment located on Fabriek Street in a secure mixed-use complex block which is within walking distance of the Main ...,,https://images.prop24.com/242461081/Ensure264x153
rental,1 Bedroom Apartment,17490,1,1,,"Neighbourgood De Wet, 6 De Wet Street",Franschhoek,Franschhoek,https://www.property24.com/to-rent/franschhoek/franschhoek/western-cape/8653/115494941,,,"The rate above R17,490 per month (All Inclusive) is for stays of 12-month effective ...",,https://images.prop24.com/306383215/Ensure264x153
rental,3 Bedroom Apartment,8300,3,1,,62 Grey Street,Parkers Dam,Worcester,https://www.property24.com/to-rent/parkers-dam/worcester/western-cape/8874/117027716,,,"Available 8 May 2026
3 Bedroom unit
Open plan kitchen with lounge
3 bedrooms with ...",,https://images.prop24.com/375839371/Crop600x400
rental,3 Bedroom Apartment,8300,3,1,,60 Grey Street,Parkers Dam,Worcester,https://www.property24.com/to-rent/parkers-dam/worcester/western-cape/8874/116989950,,,"Newly Renovated

Totally fenced with electric fencing

3 Bedrooms with build in ...",,https://images.prop24.com/375140413/Crop600x400
rental,2 Bedroom House,11000,2,1,,Worcester Central,Worcester Central,Worcester,https://www.property24.com/to-rent/worcester-central/worcester/western-cape/8860/117062746,,,"Looking for comfort, convenience, and charm? This neat 2-bedroom, 1-bathroom cottage is ideally located in central Worcester, offering ...",,https://images.prop24.com/376510706/Crop600x400
rental,1 Bedroom Apartment,5300,1,1,,Hospital Park,Hospital Park,Worcester,https://www.property24.com/to-rent/hospital-park/worcester/western-cape/18077/117054355,,,"Available 1 April 2026
Suitable for 2 Adults
Carport for 1 vehicle
Open plan Kitchen with lounge
Bedroom with en-suite bathroom
No ...",,https://images.prop24.com/362891204/Ensure264x153
rental,2 Bedroom Apartment,8400,2,1,,Paglande,Paglande,Worcester,https://www.property24.com/to-rent/paglande/worcester/western-cape/8852/117022224,,,"Situated on the top floor of the iconic ""Den Haag"" Building - originally built in the 1930's and beautifully maintained ...",,https://images.prop24.com/340428568/Ensure264x153
rental,2 Bedroom Apartment,7350,2,1,,Hospital Hill,Hospital Hill,Worcester,https://www.property24.com/to-rent/hospital-hill/worcester/western-cape/10850/117062937,,,"Cozy apartment unit on the first floor.

2 Bedrooms with built-in cupboards
Bathroom with bath & shower
Open plan ...",,
rental,2 Bedroom House,14300,2,2,582 m²,Altona,Altona,Worcester,https://www.property24.com/to-rent/altona/worcester/western-cape/33413/117011742,,,"Step into this lovely 2-bedroom, 2-bathroom home, perfect for professionals looking for comfort and style.

Features include:
* 2 ...",,https://images.prop24.com/319767968/Ensure264x153
rental,2 Bedroom Apartment,8400,2,1,,Paglande,Paglande,Worcester,https://www.property24.com/to-rent/paglande/worcester/western-cape/8852/116749113,,,"Situated on the top floor of the iconic ""Den Haag"" Building - originally built in the 1930's and beautifully maintained ...",,https://images.prop24.com/340428568/Ensure264x153
rental,3 Bedroom House,12500,3,1,,Bergsig,Bergsig,Worcester,https://www.property24.com/to-rent/bergsig/worcester/western-cape/7617/117052417,,,"TO LET — Practical Family Living in Bergsig, Worcester
This neat 3-bedroom home in Bergsig offers comfortable living with practical ...",,https://images.prop24.com/340428568/Ensure264x153
rental,3 Bedroom House,11000,3,2,,Worcester West,Worcester West,Worcester,https://www.property24.com/to-rent/worcester-west/worcester/western-cape/8875/117056490,,,"3 Bedrooms with built-in cupboards
2 Bathrooms
Living area
Kitchen

Single garage
Large garden
Water & electricity ...",,
rental,3 Bedroom House,15000,3,2,,Worcester West,Worcester West,Worcester,https://www.property24.com/to-rent/worcester-west/worcester/western-cape/8875/117009993,,,"3 Bedrooms with built-in cupboards
Bathroom 
Kitchen
Living areas
Swimming pool
Outdoor Braai area
Single garage
Additional ...",,
rental,2 Bedroom Apartment,11000,2,2,113 m²,Worcester Central,Worcester Central,Worcester,https://www.property24.com/to-rent/worcester-central/worcester/western-cape/8860/116979457,,,"This lovely modern apartment is ideally situated in Worcester Central, Worcester, Western Cape, offering convenience and comfortable ...",,https://images.prop24.com/242461081/Ensure264x153
rental,2 Bedroom Apartment,12825,2,1,,Worcester Central,Worcester Central,Worcester,https://www.property24.com/to-rent/worcester-central/worcester/western-cape/8860/116024589,,,Second-floor 2-bedroom flat in the Town Centre featuring stunning views. This property includes two bedrooms with built-in cupboards ...,,https://images.prop24.com/103291119/Ensure264x153
rental,2 Bedroom House,13000,2,2,,8 Classic Close,Fairway Heights,Worcester,https://www.property24.com/to-rent/fairway-heights/worcester/western-cape/8863/114600375,,,"Neat 2 bedroom 2 bathroom available to rent in Fairway Heights. Kitchen , living area ...",,https://images.prop24.com/72874115/Ensure264x153
rental,2 Bedroom House,10000,2,2,,Worcester Central,Worcester Central,Worcester,https://www.property24.com/to-rent/worcester-central/worcester/western-cape/8860/116018171,,,"Enjoy comfortable, secure living in this charming furnished 2 bedroom, 2 bathroom garden cottage located in the heart of Worcester. ...",,https://images.prop24.com/340428568/Ensure264x153
rental,3 Bedroom House,12000,3,2,,70 Porter Street Worcester Central Worcester 6850,Worcester Central,Worcester,https://www.property24.com/to-rent/worcester-central/worcester/western-cape/8860/116263307,,,"3-Bedroom House for Rent – Spacious and Neat!
This beautiful, newly renovated home is ...",,https://images.prop24.com/156700672/Ensure264x153
rental,2 Bedroom Apartment,7500,2,1,,Worcester Central,Worcester Central,Worcester,https://www.property24.com/to-rent/worcester-central/worcester/western-cape/8860/116901829,,,"Renovations in progress
Open floor plan - ground floor unit
2 bedrooms with built-in cupboards
Open plan lounge with a door to the ...",,https://images.prop24.com/362891204/Ensure264x153
rental,3 Bedroom House,17000,3,2,,Altona,Altona,Worcester,https://www.property24.com/to-rent/altona/worcester/western-cape/33413/116933569,,,"A beautiful 3 bedroom home in secure lifestyle estate. Complete with 2 bathrooms, small scullery, double garage, covered outside braai  ...",,https://images.prop24.com/72874115/Ensure264x153
rental,1 Bedroom Apartment,7650,1,1,,Rawsonville,Rawsonville,Worcester,https://www.property24.com/to-rent/rawsonville/worcester/western-cape/7616/115105162,,,"This one bedroom cottage on a farm just outside Rawsonville has lots of charm and character.
Countryside living amongst the vineyards ...",,
rental,2 Bedroom House,15700,2,2,,Altona,Altona,Worcester,https://www.property24.com/to-rent/altona/worcester/western-cape/33413/116895113,,,"Spacious 2 bedroom to rent in Alona Village

2 Bedrooms
2 Bathrooms
Open Plan Kitchen and Living area
Garage 
Outside braai area",,https://images.prop24.com/72874115/Ensure264x153
rental,2 Bedroom House,14900,2,2,,Altona,Altona,Worcester,https://www.property24.com/to-rent/altona/worcester/western-cape/33413/116895252,,,"2 bedrooms
2 bathrooms
Open plan kitchen and living area
Single garage
Outside braai area",,https://images.prop24.com/373413344/Crop600x400
rental,2 Bedroom Apartment,7100,2,1,,Worcester Central,Worcester Central,Worcester,https://www.property24.com/to-rent/worcester-central/worcester/western-cape/8860/116902488,,,"Renovations in progress
Open floor plan - 1st floor unit
2 bedrooms with built-in cupboards
Open plan lounge andamp; kitchen
Spacious ...",,https://images.prop24.com/373538006/Crop600x400
rental,1 Bedroom House,7000,1,1,,Panorama,Panorama,Worcester,https://www.property24.com/to-rent/panorama/worcester/western-cape/8853/116927090,,,"This neat one-bedroom apartment is situated in Panorama and offers 1 bedroom with an open-plan kitchen and living room, ideal for a ...",,https://images.prop24.com/373992103/Crop600x400
rental,2 Bedroom Apartment,8000,2,1,,Paglande,Paglande,Worcester,https://www.property24.com/to-rent/paglande/worcester/western-cape/8852/116912410,,,"A 2 bedroom first floor flat avialable in secure complex close to schools and hospital. Bathroom with bath, toilet and basin. Balcony ...",,https://images.prop24.com/72874115/Ensure264x153
rental,2 Bedroom Apartment,6800,2,1,,Worcester Central,Worcester Central,Worcester,https://www.property24.com/to-rent/worcester-central/worcester/western-cape/8860/116873983,,,"2 Bedrooms with built in cupboards
Kitchen
Living area with balcony
Bathroom (shower only)
Secure parking for one vehicle

Water ...",,
rental,2 Bedroom Apartment,7100,2,1,,Worcester Central,Worcester Central,Worcester,https://www.property24.com/to-rent/worcester-central/worcester/western-cape/8860/116790282,,,"Renovations in progress
Open floor plan - first floor
2 bedrooms with built-in cupboards
Open plan lounge
Spacious kitchen with ...",,https://images.prop24.com/362891204/Ensure264x153
rental,3 Bedroom House,18500,3,2,,"Altona Village, 51 Yellowwood Crescent",Altona,Worcester,https://www.property24.com/to-rent/altona/worcester/western-cape/33413/116279680,,,"Step into a realm of refined living with this exquisite residential rental, perfectly ...",,https://images.prop24.com/362891204/Ensure264x153
rental,1 Bedroom Apartment,4950,1,1,,Worcester Central,Worcester Central,Worcester,https://www.property24.com/to-rent/worcester-central/worcester/western-cape/8860/116912469,,,"A bachelors flat available in secure complex close to town centre for ONE PERSON only. Afdak parking. 
Not pet friendly. 

Rent: ...",,https://images.prop24.com/72874115/Ensure264x153
rental,2 Bedroom Apartment,10250,2,1,,Worcester Central,Worcester Central,Worcester,https://www.property24.com/to-rent/worcester-central/worcester/western-cape/8860/113976374,,,"2-bedroom apartment in CBD in a security complex.
Full bathroom.
Build in braai.
Build in stove.
Built in cupboards in the kitchen ...",,https://images.prop24.com/252535644/Ensure264x153
rental,2 Bedroom Apartment,7900,2,1,,Parkers Dam,Parkers Dam,Worcester,https://www.property24.com/to-rent/parkers-dam/worcester/western-cape/8874/115643995,,,"2 Roomed semi detached house in center of town
Open plan kitchen/Lounge
1 Bathroom 
Parking space for 2 vehicles",,https://images.prop24.com/252535644/Ensure264x153
rental,2 Bedroom Apartment,7100,2,1,,Worcester Central,Worcester Central,Worcester,https://www.property24.com/to-rent/worcester-central/worcester/western-cape/8860/116896555,,,"Renovations in progress
Open floor plan - first floor
2 bedrooms with built-in cupboards
Open plan lounge
Spacious kitchen with ...",,https://images.prop24.com/362891204/Ensure264x153
rental,3 Bedroom House,14500,3,2,485 m²,21 Parel Avenue,Robertson,Robertson,https://www.property24.com/to-rent/robertson/robertson/western-cape/16671/117010558,,,"This well-kept 3-bedroom, 2-bathroom home is available to rent in a quiet and peaceful ...",,https://images.prop24.com/357101027/Crop600x400
rental,Farm,7800,1,0,400 m²,"1 Wandsbeck Road, Agterkliphoogte, Robertson",Robertson Rural,Robertson,https://www.property24.com/to-rent/robertson-rural/robertson/western-cape/16626/117002866,,,"Immaculate, spacious Country Cottage on Scotsfontein Estate available for long term ...",,https://images.prop24.com/375371460/Crop600x400
rental,2 Bedroom House,10000,2,1,,9 Van Oudtshoorn Street,Robertson,Robertson,https://www.property24.com/to-rent/robertson/robertson/western-cape/16671/117062812,,,Seeff Robertson is proud to present this lovely home to let in the heart of the ...,,https://images.prop24.com/376511656/Crop600x400
rental,3 Bedroom House,16200,3,2,,3 Malherbe Street,Robertson,Robertson,https://www.property24.com/to-rent/robertson/robertson/western-cape/16671/117062832,,,Seeff Robertson is proud to present this well-maintained and beautifully designed home ...,,https://images.prop24.com/242461081/Ensure264x153
rental,2 Bedroom House,15950,2,2,563 m²,14 Steenbok Avenue,Robertson,Robertson,https://www.property24.com/to-rent/robertson/robertson/western-cape/16671/117018814,,,"Experience the perfect blend of style, comfort, and security in this stunning 2-bedroom ...",,https://images.prop24.com/179603478/Ensure264x153
rental,2 Bedroom House,16500,2,2,,Silwerstrand Golf And River Estate,Silwerstrand Golf And River Estate,Robertson,https://www.property24.com/to-rent/silwerstrand-golf-and-river-estate/robertson/western-cape/12920/117061582,,,"Seeff Robertson is proud to present this lovely modern home to let in the heart of the Silwerstrand Golf Estate, Robertson ...",,https://images.prop24.com/242461081/Ensure264x153
rental,2 Bedroom House,15950,2,2,563 m²,Robertson,Robertson,Robertson,https://www.property24.com/to-rent/robertson/robertson/western-cape/16671/117023885,,,"This beautifully finished 2-bedroom home is located in a sought-after lifestyle estate, offering comfortable and secure living with ...",,https://images.prop24.com/373497860/Ensure264x153
rental,3 Bedroom House,10800,3,1,,Robertson,Robertson,Robertson,https://www.property24.com/to-rent/robertson/robertson/western-cape/16671/117010712,,,"Step back in time with this nostalgic railway/farmhouse located in the peaceful Klaasvoogds area, just outside Robertson. This charming ...",,https://images.prop24.com/234024645/Ensure264x153
rental,2 Bedroom Apartment,9350,2,1,,Robertson,Robertson,Robertson,https://www.property24.com/to-rent/robertson/robertson/western-cape/16671/116988651,,,"This well-maintained home offers comfortable, easy living with a practical layout and low-maintenance finishes throughout.

As you ...",,https://images.prop24.com/234024645/Ensure264x153
rental,2 Bedroom House,16465,2,2,,Robertson,Robertson,Robertson,https://www.property24.com/to-rent/robertson/robertson/western-cape/16671/117064149,,,"Seeff Robertson is proud to present this brand new home to let in the heart of the Robertson Lifestyle Estate. 

Be the first to enjoy ...",,https://images.prop24.com/242461081/Ensure264x153
rental,1 Bedroom Apartment,6100,1,1,,Robertson,Robertson,Robertson,https://www.property24.com/to-rent/robertson/robertson/western-cape/16671/115868547,,,"1 Bedroom flat to rent in VICTORIA STREET, ROBERTSON ideal for a single professional person. Open plan kitchen and living area. ...",,https://images.prop24.com/234024645/Ensure264x153
rental,2 Bedroom Apartment,8800,2,2,,93 Paul Kruger Street,Robertson,Robertson,https://www.property24.com/to-rent/robertson/robertson/western-cape/16671/114740623,,,"Experience the charm of this lovely cottage in Robertson.

Featuring:
- 2 Bedrooms
- ...",,https://images.prop24.com/234024645/Ensure264x153
rental,2 Bedroom Apartment,9950,2,2,,"2 Van Zyl Street, Robertson",Robertson,Robertson,https://www.property24.com/to-rent/robertson/robertson/western-cape/16671/112967263,,,"This spacious two bedroom flat is available immediatly

The flat is situated in the ...",,https://images.prop24.com/357882957/Ensure264x153
rental,3 Bedroom House,15500,3,2,,Robertson,Robertson,Robertson,https://www.property24.com/to-rent/robertson/robertson/western-cape/16671/116700292,,,"Discover the charm of old-world Robertson living in this spacious 3-bedroom home, perfectly positioned in the sought-after Avenues. ...",,https://images.prop24.com/234024645/Ensure264x153
rental,Farm,7800,1,0,400 m²,"1 Wandsbeck Road, Agterkliphoogte, Robertson",Robertson Rural,Robertson,https://www.property24.com/to-rent/robertson-rural/robertson/western-cape/16626/116950326,,,"Immaculate, spacious Country Cottage on Scotsfontein Estate available for long term ...",,https://images.prop24.com/375371460/Crop600x400
rental,3 Bedroom House,18000,3,2,1 200 m²,Riebeek Kasteel,Riebeek Kasteel,Riebeek Valley,https://www.property24.com/to-rent/riebeek-kasteel/riebeek-valley/western-cape/7911/117060047,,,"Set on a generous 1,200 sqm stand, this light-filled 220 sqm home offers relaxed village living with space, privacy, and seamless ...",,https://images.prop24.com/375255311/Crop600x400
rental,2 Bedroom House,15000,2,1,390 m²,4 Sending Street,Riebeek West,Riebeek Valley,https://www.property24.com/to-rent/riebeek-west/riebeek-valley/western-cape/7910/116991214,,,"Tucked away in a secure, small gated complex in the quiet village of Riebeek West, this ...",,https://images.prop24.com/375165476/Crop600x400
rental,3 Bedroom House,16000,3,2,855 m²,16 Hermon Street,Riebeek Kasteel,Riebeek Valley,https://www.property24.com/to-rent/riebeek-kasteel/riebeek-valley/western-cape/7911/116951887,,,Exclusive letting mandate - Immaculate property which is one of the oldest in the ...,,https://images.prop24.com/206466645/Ensure264x153
rental,1 Bedroom Townhouse,14000,1,1,265 m²,Riebeek West,Riebeek West,Riebeek Valley,https://www.property24.com/to-rent/riebeek-west/riebeek-valley/western-cape/7910/117034398,,,FULLY FURNISHED cottage situated in Riebeek West offering breathtaking mountain views. The property is located in a secure complex ...,,https://images.prop24.com/375270976/Crop600x400
rental,3 Bedroom House,16000,3,2,855 m²,16 Hermon Street,Riebeek Kasteel,Riebeek Valley,https://www.property24.com/to-rent/riebeek-kasteel/riebeek-valley/western-cape/7911/116498184,,,Exclusive letting mandate - Immaculate property which is one of the oldest in the ...,,https://images.prop24.com/206466645/Ensure264x153
rental,2 Bedroom House,18500,2,2,951 m²,Riebeek Kasteel,Riebeek Kasteel,Riebeek Valley,https://www.property24.com/to-rent/riebeek-kasteel/riebeek-valley/western-cape/7911/116440920,,,"CHARMING 2 BEDROOM COTTAGE CENTRALLY LOCATED IN RIEBEEK KASTEEL

A beautiful and private two bedroom cottage situated in close ...",,https://images.prop24.com/72874115/Ensure264x153
rental,3 Bedroom House,19500,3,2,1 266 m²,Riebeek Kasteel,Riebeek Kasteel,Riebeek Valley,https://www.property24.com/to-rent/riebeek-kasteel/riebeek-valley/western-cape/7911/116211132,,,"Situated at the gateway of Riebeek Kasteel—just a stroll from cafe´s, galleries, and the town square—this beautifully maintained ...",,https://images.prop24.com/103291119/Ensure264x153
rental,3 Bedroom Townhouse,13500,3,2,,Riebeek West,Riebeek West,Riebeek Valley,https://www.property24.com/to-rent/riebeek-west/riebeek-valley/western-cape/7910/117016615,,,"Centrally located in Riebeek West with Communal Pool
No smoking rental property, no pets

Electricity and municipal services not ...",,https://images.prop24.com/185178535/Ensure264x153
rental,3 Bedroom House,18500,3,2,,Riebeek Kasteel,Riebeek Kasteel,Riebeek Valley,https://www.property24.com/to-rent/riebeek-kasteel/riebeek-valley/western-cape/7911/116970407,,,"3 bedroom house to rent in riebeek kasteel
Lounge:

• Open plan lounge/dining – doors leading onto the covered patio.

• Large covered ...",,https://images.prop24.com/72874115/Ensure264x153
rental,2 Bedroom House,18500,2,2,456 m²,Riebeek Kasteel,Riebeek Kasteel,Riebeek Valley,https://www.property24.com/to-rent/riebeek-kasteel/riebeek-valley/western-cape/7911/117023374,,,"This neat 2-bedroom, 2-bathroom home, with one being an ensuite, is nestled in a lovely private estate in Riebeek Kasteel. You'll ...",,https://images.prop24.com/362902721/Ensure264x153
rental,1 Bedroom House,8750,1,1,,Riebeek Kasteel,Riebeek Kasteel,Riebeek Valley,https://www.property24.com/to-rent/riebeek-kasteel/riebeek-valley/western-cape/7911/112618648,,,"Centrally located in Riebeek Kasteel.

This rental is for one tenant only.

No-smoking rental property
Water and Electricity not ...",,https://images.prop24.com/185178535/Ensure264x153
